333624601,https://forms.gle/mjy5JKsa38TbanYr6,20,2023-02-10,3,f-222
333624601,https://forms.gle/jau8M6mpfAomwDUs9,20,2022-06-01,2,f-333
333624601,https://forms.gle/Ptvf1G1D9i4bLyYu6,20,2022-06-07,2,f-444
333624601,https://forms.gle/GAyvGTfx3T1ySjiLA,20,2022-03-12,2,f-010
333624601,https://forms.gle/E2reyuZfMgFRf7F96,20,2025-07-27,1,f-120
333624601,https://forms.gle/DrcHisbdG3TwVTzu6,20,2022-07-01,1,f-789
333624601,https://forms.gle/S3UQ3GQkAZxZT9y96,20,2022-09-02,1,f-554
333624601,https://forms.gle/MHHsxb5cTNJ6YX6p8,22,2022-09-07,1,f-258
189583025,https://forms.gle/cEkLczQPXjqgLf8k9,100,2099-12-25,1,f-678
189583025,https://forms.gle/f2v1TEAUZAzvw8UF7,100,2099-12-25,1,f-679
189583025,https://forms.gle/wpCp9WqktiBQ4RRVA,92,2054-11-05,1,f-989
189583025,https://forms.gle/rWTDLYxQ92oiipQm8,64,2169-12-24,1,f-309
333624601,https://forms.gle/ZPr6JLE9jgTPtSRXA,20,2022-06-04,1,f-434
189583025,https://forms.gle/PNHe5ZU9gAxzEMCx8,20,2022-06-04,1,f-334
189583025,https://forms.gle/oXQ7oLKxvKcmsTpZ6,23,3012-11-11,1,f-611
189583025,https://forms.gle/NZeSkYai7woAuUQk7,17,2023-11-11,1,f-619
333624601,https://forms.gle/19aoenivtmpc9ajd8,50,2022-09-15,0,f-264
202725957,https://forms.gle/wpcp9wqktibq4rrva,1,2022-07-27,2,f-976
